imagen,ancho,alto,tolerancia,nodos,hojas,profundidad,tiempo_segundos,mse,bits_originales,bits_quadtree_estimados,razon_compresion_estimada
Fotografia.jpg,64,64,5,4977,3733,7,0.086107,0.4692,98304,731625,0.1344
Fotografia.jpg,64,64,15,3957,2968,7,0.087892,8.8652,98304,581685,0.169
Fotografia.jpg,64,64,30,2941,2206,7,0.060244,50.0222,98304,432333,0.2274
Fotografia.jpg,128,128,5,18393,13795,8,0.326615,0.7153,393216,2703777,0.1454
Fotografia.jpg,128,128,15,13009,9757,8,0.215722,11.3149,393216,1912329,0.2056
Fotografia.jpg,128,128,30,8445,6334,8,0.155669,55.7814,393216,1241421,0.3167
Fotografia.jpg,256,256,5,64841,48631,9,1.564678,1.1188,1572864,9531633,0.165
Fotografia.jpg,256,256,15,39873,29905,9,0.818908,13.881,1572864,5861337,0.2683
Fotografia.jpg,256,256,30,23601,17701,9,0.416682,58.1529,1572864,3469353,0.4534
Geometria.png,64,64,5,1353,1015,7,0.036541,0.1209,98304,198897,0.4942
Geometria.png,64,64,15,1025,769,7,0.025687,4.2161,98304,150681,0.6524
Geometria.png,64,64,30,733,550,7,0.021168,22.1894,98304,107757,0.9123
Geometria.png,128,128,5,2929,2197,8,0.065567,0.0577,393216,430569,0.9132
Geometria.png,128,128,15,2493,1870,8,0.055033,0.7873,393216,366477,1.073
Geometria.png,128,128,30,1973,1480,8,0.055278,9.299,393216,290037,1.3557
Geometria.png,256,256,5,6309,4732,9,0.18358,0.1159,1572864,927429,1.6959
Geometria.png,256,256,15,5613,4210,9,0.128452,0.5009,1572864,825117,1.9062
Geometria.png,256,256,30,4725,3544,9,0.101695,3.9173,1572864,694581,2.2645
Paisaje.jpg,64,64,5,5221,3916,7,0.112413,0.3098,98304,767493,0.1281
Paisaje.jpg,64,64,15,4217,3163,7,0.079622,7.6121,98304,619905,0.1586
Paisaje.jpg,64,64,30,3013,2260,7,0.059245,56.5782,98304,442917,0.2219
Paisaje.jpg,128,128,5,19229,14422,8,0.320541,0.6232,393216,2826669,0.1391
Paisaje.jpg,128,128,15,15033,11275,8,0.257244,8.1444,393216,2209857,0.1779
Paisaje.jpg,128,128,30,10933,8200,8,0.202088,50.7506,393216,1607157,0.2447
Paisaje.jpg,256,256,5,70501,52876,9,1.379735,0.8018,1572864,10363653,0.1518
Paisaje.jpg,256,256,15,54753,41065,9,1.017368,8.1341,1572864,8048697,0.1954
Paisaje.jpg,256,256,30,41137,30853,9,0.82762,44.8171,1572864,6047145,0.2601
